cigar,3
naval,3
quiet,3
stool,3
helix,2
adobe,3
mimic,4
first,3
bribe,2
swirl,2
shrub,3
lusty,3
civic,3
spray,2
alone,2
pilot,3
fling,2
great,3
group,3
vodka,3
clock,3
exult,3
masse,2
brake,3
aside,2
tiger,3
abbey,3
prick,3
could,3
skill,3
cynic,3
tacit,2
choke,3
sweet,2
cater,2
purge,3
stove,3
comma,3
mince,2
oxide,4
hasty,3
homer,3
tipsy,3
scrap,3
bayou,3
gloom,3
donor,3
gloat,3
gawky,3
fluff,3
berth,3
wacky,4
power,4
quart,3
patty,3
twice,4
octal,3
onset,2
leery,3
eclat,3
recap,3
usurp,3
sloth,3
unset,3
grove,3
libel,3
stale,2
glyph,3
godly,3
valve,3
arise,3
genre,2
deter,3
undue,3
canoe,2
manga,2
groan,3
slack,3
wharf,4
jiffy,4
woozy,3
valor,3
heart,3
palsy,3
siren,2
patio,3
visit,3
chaff,3
aping,2
exile,3
winch,2
about,4
cress,2
place,3
croup,3
crook,3
spiny,3
budge,2
dumpy,3
mason,2
cliff,3
llama,3
spout,3
scion,2
musky,3
kiosk,3
zebra,3
betel,3
glove,4
irate,2
solid,2
civil,4
vocal,4
shunt,3
leafy,3
spoke,3
laugh,4
drawl,3
vixen,2
aunty,3
evict,3
dough,3
pupil,3
earth,3
fatty,4
regal,3
inner,3
sheet,3
sepia,2
cross,3
piggy,3
large,4
pouch,4
viola,3
tutor,3
sauna,2
gonad,2
utile,4
ashen,2
sheik,2
array,3
crest,3
roach,3
realm,4
drank,2
shalt,4
suing,3
mayor,3
fishy,3
begat,2
shift,3
blunt,2
adept,3
bully,3
avail,2
droop,4
stake,3
glare,4
quack,3
tramp,3
maple,2
cause,4
thief,3
havoc,4
preen,2
ditty,3
crypt,3
chafe,3
rigid,3
posse,2
media,2
koala,4
ember,3
dread,3
snort,2
tense,2
blitz,3
wispy,4
honor,2
lager,3
wight,3
mover,4
hippo,4
ruddy,4
windy,3
hymen,4
terse,3
grout,4
enemy,3
bride,3
sixth,3
hefty,3
swept,3
screw,3
stoke,2
smirk,3
hunch,3
puffy,4
chili,3
cloak,3
churn,3
blend,2
probe,3
agent,2
abode,3
parse,4
begin,3
tabby,3
crawl,3
cameo,3
refer,2
ghoul,4
briny,3
suite,2
caput,3
lupus,2
brush,3
dizzy,3
legal,4
torus,3
token,3
minim,3
tribe,3
tried,2
craft,3
gypsy,3
teary,3
savor,2
butte,3
hyena,3
court,4
maybe,3
satyr,3
myrrh,4
belie,2
scant,2
fence,3
cello,3
pinky,4
cleft,3
ledge,3
slunk,2
coven,4
daily,2
flail,3
snipe,2
modem,3
livid,3
devil,3
sling,2
bulky,3
exert,3
taker,3
heave,4
sauce,2
alloy,3
fried,3
state,4
hedge,4
blade,2
close,3
tango,3
spank,3
fully,4
occur,4
raven,2
slink,3
shore,3
vegan,2
druid,3
stunk,3
witch,3
dried,4
pasty,2
goofy,3
setup,3
relic,3
whine,2
thrum,3
scree,3
mangy,3
pinch,3
leach,4
blame,3
rodeo,3
vaunt,2
polka,4
sleek,3
roger,3
artsy,2
rebut,2
serve,2
bench,3
colon,3
croak,3
crazy,3
pound,4
stand,2
stout,3
argue,2
parry,2
loopy,3
forge,3
essay,2
hatch,3
tweed,3
dozen,3
altar,3
rogue,3
finer,2
tilde,3
usher,2
sonic,3
pluck,3
tapir,3
banal,3
tangy,3
wince,2
wrung,3
elder,2
agora,3
other,3
rupee,2
month,4
movie,3
chest,2
lowly,3
foray,2
slave,2
plant,4
trash,2
badge,2
metal,3
money,3
atoll,3
flood,3
atone,3
awful,4
hutch,3
hydro,3
madam,3
flock,3
elope,3
coyly,3
cling,3
twang,3
needy,2
prize,3
class,3
doubt,4
saint,2
scald,3
dandy,3
floor,3
spiel,2
waltz,4
vomit,4
pooch,3
threw,2
skimp,3
aging,3
plume,4
study,3
sedan,2
chaos,2
melee,2
leaky,3
honey,3
spelt,3
filmy,3
handy,4
angle,4
shade,3
bowel,3
built,3
laden,3
gusto,3
slide,3
pushy,3
birch,3
snare,2
savvy,3
eater,2
lobby,3
clink,4
clean,3
rigor,3
fiber,3
paler,3
doing,4
magic,4
eaten,2
verve,2
candy,5
stain,3
blond,4
barge,2
frisk,3
braid,3
later,3
amaze,2
vista,3
often,3
diver,4
bosom,3
outgo,3
sieve,2
daisy,3
furor,3
check,3
imply,4
gavel,2
excel,2
storm,3
husky,4
guest,3
otter,4
scrub,2
amble,3
brood,3
freak,3
rabbi,2
ascot,3
rajah,3
woody,3
comic,3
drunk,4
smell,3
modal,3
missy,3
south,3
sweat,3
hitch,4
venue,2
acrid,3
penne,3
rearm,2
ovoid,3
tooth,3
apply,3
timer,4
puppy,4
stunt,2
dense,2
short,3
plate,3
dwell,3
shove,3
squat,3
spurn,3
comfy,3
oaken,4
stern,2
patsy,2
bevel,3
curly,2
cumin,3
cache,3
false,2
brief,3
trunk,3
duvet,4
reach,3
merge,3
synod,4
plied,3
beefy,3
brash,3
route,3
swell,4
brick,4
defer,3
shark,2
pedal,3
dusty,3
abuse,3
suave,3
oddly,3
again,3
extol,3
alarm,3
chick,4
prude,2
spree,2
riper,4
wrong,3
pixel,4
filly,3
paint,3
navel,3
weedy,3
salsa,4
crepe,2
widen,3
throw,3
morph,4
fuzzy,4
macho,4
lousy,3
under,3
olden,3
hilly,4
abbot,3
itchy,3
leant,3
gumbo,3
crane,3
lithe,4
fatal,3
ninny,4
entry,3
melon,3
cease,2
clack,3
minus,3
pasta,3
chart,3
clamp,4
drill,3
think,4
camel,3
fetal,4
rarer,2
width,4
sloop,4
frill,4
motel,3
flake,4
stave,4
frost,2
tweak,3
raspy,2
tumor,3
trail,3
papal,3
sinew,3
gross,3
stark,3
liken,3
rumor,3
etude,3
surge,3
tract,3
mambo,3
amber,2
taint,4
quail,3
grasp,3
girly,3
tight,3
tenth,2
biddy,4
glaze,3
zonal,4
chain,3
plead,3
hurry,3
mamma,3
chess,3
exact,3
timid,4
bunch,4
scene,3
downy,3
email,3
verso,2
guava,3
petty,3
ficus,3
impel,3
eying,3
teddy,3
mouth,4
haute,4
guard,3
organ,3
rayon,4
riser,3
rival,3
rural,3
sissy,3
heath,3
abate,3
abase,2
staff,3
sower,2
maxim,3
belly,3
panel,3
bleed,3
biome,2
round,3
corny,3
fjord,3
hyper,2
comet,3
boozy,2
pulpy,3
badly,3
surer,3
store,2
epoch,3
vital,3
craze,4
troll,4
slump,3
panic,3
crimp,3
light,3
frame,4
aroma,5
thorn,3
nasty,2
lapse,3
lynch,3
depot,3
snout,3
scare,3
shame,2
olive,3
fella,4
midst,3
yield,2
hinge,3
manor,2
trait,3
primo,3
brink,3
pinto,3
flack,3
night,3
angry,4
cinch,3
youth,2
glean,4
shrug,3
clown,3
fungi,3
theme,3
parer,3
liege,3
scorn,3
vigor,3
catch,3
mummy,3
aptly,3
ombre,2
hippy,4
fleet,4
claim,3
valet,3
rifle,4
lover,3
pagan,3
covet,2
lefty,3
grind,4
final,3
coach,4
stack,4
grace,5
ninja,3
diner,3
smile,3
embed,4
humid,3
purse,3
queer,4
tamer,4
lucky,3
nurse,4
toxin,3
elude,3
plush,3
juicy,4
china,3
snail,4
moldy,3
swore,3
ozone,2
truce,3
range,4
sushi,4
chord,3
dally,3
ennui,3
matey,2
bongo,2
scope,3
woken,3
hazel,4
relax,4
dolly,2
poser,2
dunce,3
delay,4
block,3
putty,5
geeky,3
prime,4
demur,3
wagon,3
stony,2
until,3
brave,4
every,3
dimly,4
fancy,4
shady,3
tuber,3
which,4
agony,2
plane,3
straw,3
blurb,3
clued,3
prong,3
adage,4
gaunt,3
grunt,3
vapid,4
cyber,3
young,3
swarm,3
heady,3
amend,4
coral,4
glide,5
ether,4
slang,4
bylaw,3
penal,3
stole,3
caper,3
slurp,3
bible,4
knave,4
baggy,3
snaky,4
medal,3
remit,4
aglow,4
poesy,2
truly,3
lemur,4
cedar,4
stock,3
blimp,4
renal,4
never,3
yeast,2
segue,3
nobly,3
burst,3
faint,2
quark,3
lyric,3
scone,4
sharp,4
urine,3
retry,3
sober,3
drier,4
scarf,5
sally,3
fugue,3
gamut,3
tithe,4
tying,3
decor,3
erase,3
sooty,2
heavy,4
smoky,3
orbit,3
noisy,2
polar,4
billy,3
liner,4
spurt,3
stump,3
thick,3
knack,3
icily,5
unity,3
cacti,3
patch,4
aisle,3
slain,3
actor,3
clerk,3
crude,4
rerun,3
cheer,3
harsh,3
miner,5
mural,4
brook,2
flunk,3
covey,2
booth,2
kneed,3
eager,5
color,3
dicey,3
taffy,4
sixty,4
funky,6
tripe,4
ratio,3
proof,3
sprig,4
binge,4
sonar,2
expel,4
awash,3
ounce,4
debug,4
vague,4
prawn,4
board,3
forum,3
truer,4
niche,4
wheat,3
skier,4
avian,3
trump,3
gloss,2
opera,3
horse,2
gleam,4
ovine,4
right,4
lathe,4
sheep,3
brunt,4
milky,3
swash,4
geese,4
pecan,3
smith,3
allot,4
metro,3
nasal,3
gnash,4
theft,3
froze,4
guppy,6
truth,4
batch,5
repel,3
known,3
knead,3
music,3
quash,2
ratty,4
golly,3
stash,5
await,4
inlet,4
sully,4
hound,4
spied,3
steer,3
feral,4
skirt,4
twixt,3
untie,3
shave,3
humph,3
dwarf,4
feign,4
marry,3
paper,3
repay,3
linen,3
ivory,2
crass,3
delta,4
lapel,3
audit,3
moult,3
spend,3
thumb,3
jaunt,3
erode,3
blurt,3
smart,3
radio,3
prove,3
triad,3
trace,3
gripe,4
unify,3
crank,2
solar,3
knoll,3
those,3
humor,3
caulk,3
trove,2
mourn,3
watch,3
saute,3
epoxy,2
trope,3
stair,3
cheek,3
inert,3
larva,4
canny,2
delve,3
album,3
creak,3
girth,3
apron,3
smite,4
gaily,2
agape,4
bland,3
bobby,4
motto,2
rhyme,2
label,3
treat,3
widow,3
charm,3
lofty,4
chute,3
glory,3
leave,3
howdy,2
spade,4
fault,3
piney,2
fanny,4
spell,4
grave,4
rainy,3
opium,3
count,2
safer,4
swine,3
human,3
quick,2
carve,3
sheen,4
erupt,4
chose,2
ditto,4
muddy,3
arson,3
evoke,3
award,3
elite,3
vapor,3
venom,2
hater,3
freer,3
house,2
tunic,3
cycle,2
vigil,4
stage,3
ridge,3
flown,3
dowdy,3
rebar,4
amply,3
sport,3
whisk,3
dying,2
basin,3
bless,3
layer,2
bluer,4
begun,4
wryly,3
silky,3
wrist,3
cover,2
eight,4
worst,3
stare,4
bilge,4
meant,4
strut,3
cough,3
brass,3
quota,3
salon,3
cabin,3
taper,4
filet,4
murky,4
level,4
slimy,3
bread,5
shear,3
among,4
amuse,3
crown,3
dilly,3
grief,4
creep,3
lurid,4
worry,3
clove,3
snoop,2
jelly,4
adore,3
align,3
offer,2
theta,4
datum,3
ramen,3
usage,3
drove,4
tarot,3
serum,3
joist,4
topaz,3
sneer,4
loyal,2
plunk,3
beard,3
mammy,4
debit,4
micro,2
gruff,3
meaty,2
rocky,2
forty,4
draft,3
dirge,4
gravy,3
deign,3
pence,3
abort,3
clear,3
creme,2
empty,3
kappa,4
haunt,4
burly,4
hussy,4
toast,5
bawdy,5
gassy,3
holly,3
optic,3
obese,3
cruel,3
igloo,2
elbow,3
swung,3
plaid,4
pesky,4
hobby,4
elegy,3
canal,4
wield,4
whiff,4
cocoa,2
alert,4
hotel,3
leash,3
curio,2
pesto,3
lease,3
warty,4
force,2
slice,3
pivot,4
tacky,2
water,4
skiff,3
cubic,3
revue,4
debar,3
apart,4
quest,4
bagel,3
curse,4
green,3
abled,3
jazzy,6
began,4
viper,3
voter,2
decoy,2
birth,4
rough,3
titan,3
flame,4
wordy,3
foamy,3
bicep,2
cobra,4
heard,4
spine,4
trend,4
tower,3
smote,3
snack,3
wreak,5
anode,3
chock,3
booty,2
grant,3
drone,4
wrath,4
mealy,3
berry,4
penny,4
greed,4
giddy,3
gayer,3
thigh,4
circa,3
belle,4
spiky,4
clank,3
carat,4
kinky,3
grimy,3
bison,3
boney,2
miser,5
droit,3
mower,3
truck,3
curry,3
gooey,2
flaky,3
shorn,3
newer,4
union,3
dopey,3
gauge,3
anvil,4
magma,4
whirl,3
stuff,3
fauna,3
fudge,4
plait,4
decry,2
press,4
crone,4
snore,4
clump,4
undid,3
loamy,4
knock,2
faith,3
peace,2
refit,4
awake,4
model,3
major,3
react,3
unfed,4
digit,3
unmet,5
seedy,2
flume,4
flick,3
start,3
lying,3
basic,3
kebab,3
dowry,3
enema,3
world,3
coast,2
pithy,3
rouge,3
bring,3
break,4
using,3
weary,3
rebus,3
gorge,3
shire,3
sugar,3
moist,3
pause,2
shake,3
bloke,2
ahead,3
today,4
allow,3
nymph,3
fewer,4
black,3
ample,4
askew,3
forgo,2
fetus,4
being,3
vouch,3
showy,2
piety,3
blown,3
beady,2
egret,3
wench,4
liver,3
trite,3
stomp,3
buggy,4
hunky,4
unlit,3
irony,2
gully,4
tibia,3
stick,3
grate,3
twine,4
enjoy,2
stein,4
foggy,3
inept,3
unite,4
folly,2
inane,3
musty,3
avert,4
incur,3
rivet,3
guile,5
udder,5
paste,3
loose,2
eerie,3
singe,3
sleep,2
stank,2
chase,3
onion,2
creek,4
dross,2
lymph,2
crock,3
stamp,4
mania,3
risky,3
borax,3
pried,3
kitty,3
index,3
decay,3
vowel,3
rabid,3
kneel,3
scuba,4
molar,3
fritz,3
hovel,3
fetid,3
march,3
bravo,3
fluid,3
aider,3
azure,4
rover,3
wreck,3
jolly,3
alive,4
joker,3
sweep,3
pudgy,3
ideal,3
grape,4
burnt,3
naive,5
outer,2
haven,3
nudge,3
unzip,4
enter,4
slime,4
share,4
sumac,4
pearl,4
friar,3
posit,3
fecal,3
bushy,3
urban,3
crash,3
disco,2
caste,3
steel,3
tasty,3
enact,4
party,3
skulk,3
tardy,3
ready,3
seven,3
junto,3
build,3
worth,3
poise,2
idler,3
radar,3
three,4
bunny,5
chore,3
boxer,4
flirt,4
afoul,3
arose,2
swamp,3
mange,4
rebel,3
ester,2
gaffe,4
tweet,4
deity,3
slope,2
grown,3
locus,3
fiend,4
rowdy,4
mouse,3
skunk,3
super,3
speed,3
amity,3
flour,3
novel,4
towel,4
easel,3
radii,3
trial,4
decal,3
crier,3
bugle,4
bleat,3
nerdy,3
crumb,3
drake,3
dummy,4
alter,4
beast,3
spunk,4
whiny,3
femme,3
scent,3
guilt,4
shiny,2
sword,3
clout,2
salty,3
balmy,4
witty,4
manic,4
debut,3
ingot,3
slept,4
spool,2
lumpy,3
basis,3
raise,3
fraud,3
tally,4
scale,4
crisp,4
guess,3
proud,3
chasm,3
habit,4
fifty,4
prune,4
taken,4
chide,3
voila,3
graph,3
weigh,4
lucid,4
swoop,3
sheer,3
toxic,3
tenor,2
basil,4
angel,4
shout,3
nutty,3
baron,3
baler,4
scowl,3
revel,3
crime,3
fight,4
twist,3
medic,3
women,4
stall,5
juice,3
cower,3
jumpy,4
satin,3
reuse,3
beret,4
tonga,3
paddy,3
salvo,2
frank,4
trust,3
corer,4
wooly,2
curvy,5
graft,4
coupe,3
mirth,5
grail,3
payee,2
kayak,3
grand,4
filer,4
munch,3
pygmy,4
style,2
lever,3
spear,3
rotor,3
soapy,2
roost,2
rapid,3
bleep,4
gummy,3
femur,4
fleck,4
wiser,3
whose,3
pulse,3
ripen,3
tonal,3
intro,3
scamp,4
extra,4
torso,2
flush,3
aorta,3
blush,2
karma,3
death,2
batty,2
whelp,3
crate,2
flesh,2
print,3
offal,3
totem,3
greet,3
gamma,4
salad,2
guild,2
ought,3
steed,2
gouge,3
duchy,3
gaudy,4
perch,3
solve,2
rhino,3
peach,3
picky,3
boost,3
query,3
proxy,3
whack,2
shard,2
ulcer,2
pupal,3
vivid,3
brine,2
focus,3
renew,3
found,2
shawl,3
squad,3
flair,2
heist,2
story,3
butch,3
scour,3
asset,2
phase,2
payer,3
cacao,4
rusty,3
lilac,3
voice,3
wedge,4
aphid,4
upset,3
alien,2
khaki,3
waste,2
ruder,3
inter,3
booze,4
trice,3
admit,3
sting,2
valid,3
exist,3
flout,2
aloud,2
snarl,2
louse,2
shock,2
pique,3
stuck,3
total,3
funny,3
gusty,3
lunch,3
given,3
sadly,3
minty,3
price,2
ardor,3
cream,3
reply,2
sleet,2
lance,2
annul,3
edify,3
write,3
sorry,3
awoke,3
ghost,3
nicer,4
inlay,2
boule,2
blink,2
nerve,2
gnome,3
prose,3
track,3
splat,3
ovary,3
edict,3
rehab,3
brain,2
crowd,3
stung,3
tatty,3
shook,3
weave,3
assay,2
dwelt,3
globe,2
beech,3
since,2
alley,2
waive,3
clasp,3
noose,2
tulip,3
shoal,3
furry,3
cavil,3
harem,3
queen,3
child,3
glint,3
spore,2
donut,2
silly,2
reign,3
blank,2
shell,2
copse,3
snide,3
amass,2
where,3
graze,3
halve,2
local,3
adorn,3
touch,3
angst,2
swami,3
frond,3
dryer,3
pixie,4
piano,2
psalm,2
randy,3
swath,3
credo,3
steak,2
shape,2
fluke,3
jumbo,4
pizza,4
savoy,3
motif,3
along,2
skate,3
flank,3
least,2
shyly,3
waist,3
uncle,2
annoy,3
horde,4
wider,4
logic,3
shoot,3
mucky,3
scalp,3
grill,3
gipsy,3
shaky,3
chair,3
waxen,2
quilt,3
saucy,2
skull,3
flora,3
grass,3
vying,4
tawny,2
tidal,4
jewel,3
pansy,3
freed,3
broom,3
gazer,3
idiom,3
piper,4
slash,2
lasso,2
glade,3
humus,3
elate,3
cleat,3
dance,2
audio,4
flash,3
wimpy,4
blare,3
order,4
clash,2
troop,4
demon,3
admin,3
plank,4
wrack,3
harpy,3
ethic,4
older,3
bound,3
broad,3
swing,3
lipid,3
bossy,3
sense,3
small,3
moral,3
elfin,2
ankle,3
odder,4
uncut,3
vicar,4
aloof,3
leper,3
brand,3
krill,3
scrum,3
petal,2
cadet,3
leapt,2
fever,3
above,2
frail,2
talon,3
salve,2
video,4
apnea,3
bacon,3
mucus,4
steam,3
nylon,3
erect,3
rally,3
tonic,3
taboo,3
noise,3
flare,4
inbox,3
crush,3
reedy,3
lumen,2
dirty,3
mauve,4
cagey,3
sandy,2
endow,3
cloud,3
clone,2
serif,3
virus,4
banjo,3
brace,3
dully,3
ranch,3
moose,2
lorry,3
cried,3
crack,4
meter,3
woman,4
clang,3
rider,4
happy,4
chirp,3
felon,3
junta,3
turbo,3
mossy,4
snowy,2
bigot,3
basal,3
scram,3
condo,3
match,3
catty,4
adult,3
focal,3
stink,2
fresh,3
pride,2
trawl,3
cluck,3
booby,3
yearn,2
agree,3
wooer,4
goner,3
labor,3
agate,2
aback,3
belch,3
abyss,3
click,3
groin,3
chill,3
retch,3
cheat,2
viral,3
champ,3
acute,3
truss,2
drink,3
point,3
mount,3
pleat,3
ultra,3
dodge,3
spill,3
cloth,3
smelt,2
their,3
shall,2
natal,3
royal,3
foyer,3
shown,2
hairy,2
farce,3
glass,3
tiara,2
froth,4
goose,2
loser,3
retro,4
sever,3
stead,3
augur,3
tryst,3
bluff,3
smear,2
poker,5
merit,2
gauze,3
whoop,3
alpha,3
alike,2
brisk,2
bough,3
ionic,3
quirk,3
carry,3
photo,3
baker,2
gulch,3
crave,4
daddy,3
recut,3
wrest,2
smoke,2
equip,3
blast,2
octet,3
spilt,3
slick,3
spawn,2
nanny,2
usual,3
prone,2
dowel,3
eagle,2
goody,3
might,3
sunny,2
still,2
brawn,2
plier,2
lurch,4
chump,3
moron,3
clung,2
flier,3
snuck,3
thank,2
caddy,3
flyer,4
beset,3
twirl,3
macaw,3
buddy,4
arbor,2
title,2
score,3
river,3
genie,2
ocean,3
slate,2
flint,3
jetty,3
event,2
creed,3
choir,3
seize,2
hardy,3
crick,2
stork,3
razor,4
swear,3
pitch,3
trout,3
adopt,3
tread,3
hoist,3
stilt,3
porch,3
dairy,3
villa,3
would,3
swoon,3
relay,3
third,4
sassy,2
snuff,4
buyer,4
trade,3
roast,3
mafia,2
tubal,3
notch,2
strap,3
diary,3
quoth,5
shelf,3
infer,2
chuck,4
stint,3
aware,3
iliac,3
beget,3
afoot,3
lunge,2
conch,3
steep,3
smash,3
rugby,3
ninth,3
learn,3
mogul,4
racer,3
spire,3
swish,3
lingo,3
drool,3
breed,4
cheap,3
blaze,4
sulky,4
bitty,3
after,3
recur,3
hover,6
detox,3
stoic,2
below,4
value,3
phony,3
upper,4
shack,3
nomad,3
chalk,4
slush,3
shone,2
welsh,3
afire,3
blind,3
noble,3
utter,3
scaly,3
quake,4
maize,2
spent,2
shush,4
resin,2
mango,2
ovate,3
snake,2
unwed,2
spoof,3
squib,3
haste,2
juror,3
spare,3
moody,4
omega,3
verge,3
guide,3
scoop,2
cairn,2
plain,2
befit,3
axiom,3
opine,2
topic,3
maker,3
giant,2
slant,2
vogue,3
ebony,3
arrow,3
terra,4
ladle,3
dress,4
sight,3
nosey,2
plumb,4
worse,3
bused,3
pouty,3
macro,3
amiss,2
waver,4
north,3
drift,3
prior,4
scout,3
stone,3
stiff,3
cable,4
boast,3
axial,2
plump,4
brute,3
umbra,3
parka,3
avoid,3
gland,3
wound,4
fizzy,3
fruit,3
filth,2
borne,3
slyly,4
flung,3
rinse,2
baste,3
abhor,3
cabal,3
guise,2
drape,5
testy,3
axion,2
allay,4
eking,2
wring,4
antic,3
image,2
chime,3
curve,3
broth,3
thong,3
anger,3
mecca,3
newly,3
forte,3
gourd,4
visor,2
stoop,3
staid,2
attic,3
peril,3
shine,2
manly,3
adapt,4
mercy,3
login,3
judge,3
evade,3
grade,3
crust,3
floss,2
outdo,2
spike,3
forth,3
drain,3
error,2
front,3
golem,2
islet,2
spicy,4
motor,2
dutch,3
growl,3
briar,3
fixer,3
heron,3
wrote,2
grime,3
conic,3
baton,3
ferry,3
siege,3
favor,3
robot,3
perky,3
aloft,3
robin,4
swill,2
chant,3
hoard,3
tease,3
slosh,2
harry,3
fibre,3
chunk,3
cargo,3
zesty,3
train,3
slung,2
gamer,3
crept,3
depth,4
float,3
input,3
droll,2
field,3
stalk,3
roomy,2
midge,3
cramp,3
unfit,4
gruel,3
woven,2
chief,3
taunt,3
thyme,3
sooth,2
soggy,2
marsh,3
equal,3
denim,4
sneak,3
dream,4
there,3
vault,3
spite,4
quasi,3
mulch,3
mocha,3
mound,3
tough,3
stray,3
risen,3
apple,4
derby,4
fairy,4
niece,3
diode,3
spoil,3
couch,3
idiot,3
frown,2
reset,2
loath,3
acorn,3
swift,3
lunar,3
exalt,2
lanky,3
tenet,3
qualm,3
shaft,3
icing,4
poppy,4
quell,4
horny,4
queue,4
verse,3
sigma,3
thump,3
gayly,2
ruler,3
cutie,3
privy,4
sound,3
bloom,2
smack,3
rouse,2
bliss,2
ensue,3
anime,3
stood,3
hotly,2
shied,3
idyll,3
bathe,3
elect,3
crump,4
sworn,3
polyp,2
minor,3
steal,2
buxom,3
arena,5
dingo,3
quill,3
shank,3
algae,3
knife,4
abide,4
trick,3
beach,4
frock,3
vinyl,3
finch,3
speck,3
emcee,3
lower,3
groom,2
puree,3
dryly,3
bonus,3
lodge,2
overt,3
prank,3
while,2
canon,3
shirk,3
wheel,2
bloat,2
space,3
tempo,3
agile,3
broil,3
wager,4
joust,3
nadir,3
fetch,3
prowl,4
grope,3
giver,4
bleak,4
shuck,3
quite,3
elide,3
envoy,3
fiery,3
cider,4
owner,3
smock,3
carol,2
shrew,3
jerky,4
bingo,4
spice,2
issue,3
latch,3
dogma,4
flute,3
feast,3
semen,3
whale,3
syrup,3
shirt,3
torch,3
ethos,2
these,3
scold,2
joint,4
shale,2
prism,3
table,3
whole,2
rumba,4
facet,3
fable,4
early,3
saner,3
spoon,2
teeth,3
blood,3
sewer,3
annex,3
limit,3
botch,3
foist,3
climb,3
tulle,4
sperm,3
drawn,4
chard,3
taste,3
armor,3
dusky,3
surly,4
scoff,4
owing,3
neigh,4
mushy,3
weird,3
strip,4
ditch,4
broke,4
bulge,3
dingy,3
drama,3
phone,4
throb,3
dodgy,3
split,3
spark,3
wafer,3
limbo,3
knelt,3
imbue,4
teach,3
plaza,3
brawl,4
toddy,3
purer,3
merry,3
leggy,3
scary,3
sniff,4
quote,3
dealt,3
white,4
grain,3
sappy,4
spasm,3
spook,3
affix,3
yacht,3
deuce,3
flask,3
welch,3
leech,3
ralph,3
fifth,4
tepee,4
bezel,3
pubic,3
thing,3
lemon,2
drown,3
cabby,4
crony,3
latte,3
madly,3
punch,4
drive,4
folio,2
fussy,3
alibi,4
brown,4
daunt,3
speak,4
hence,4
going,4
piece,4
gecko,4
hello,2
willy,3
tepid,4
eject,3
rower,3
